processed_func,target
"    override fun beginStructure(descriptor: SerialDescriptor): CompositeDecoder {
        return when (currentField) {
            CurrentField.NotStarted, CurrentField.Type -> super.beginStructure(descriptor)
            CurrentField.Content -> {
                contentDecoder = createFor(contentNode, serializersModule, configuration, descriptor)

                return contentDecoder
            }
        }
    }",0
"    private fun XMLStreamWriter.save(baseline: Baseline) {
        document {
            tag(SMELL_BASELINE) {
                tag(MANUALLY_SUPPRESSED_ISSUES) {
                    baseline.manuallySuppressedIssues.forEach { tag(ID, it) }
                }
                tag(CURRENT_ISSUES) {
                    baseline.currentIssues.forEach { tag(ID, it) }
                }
            }
        }
    }
}",0
"    private inline fun <T> maybeCallOnContent(functionName: String, blockOnContent: YamlInput.() -> T): T =
        maybeCallOnContent(blockOnType = { throw UnsupportedOperationException(""Can't call $functionName() on type field"") }, blockOnContent = blockOnContent)

    private inline fun <T> maybeCallOnContent(blockOnType: () -> T, blockOnContent: YamlInput.() -> T): T {
        return when (currentField) {
            CurrentField.NotStarted, CurrentField.Type -> blockOnType()
            CurrentField.Content -> contentDecoder.blockOnContent()
        }
    }

    override fun <T> decodeSerializableValue(deserializer: DeserializationStrategy<T>): T {
        try {
            return super.decodeSerializableValue(deserializer)
        } catch (e: SerializationException) {
            throwIfUnknownPolymorphicTypeException(e, deserializer)

            throw e
        }
    }

    private fun throwIfUnknownPolymorphicTypeException(e: Exception, deserializer: DeserializationStrategy<*>) {
        val message = e.message ?: return
        val match = unknownPolymorphicTypeExceptionMessage.matchEntire(message) ?: return
        val unknownType = match.groupValues[1]
        val className = match.groupValues[2]

        val knownTypes = when (deserializer.descriptor.kind) {
            PolymorphicKind.SEALED -> getKnownTypesForSealedType(deserializer)
            PolymorphicKind.OPEN -> getKnownTypesForOpenType(className)
            else -> throw IllegalArgumentException(""Can't get known types for descriptor of kind ${deserializer.descriptor.kind}"")
        }

        throw UnknownPolymorphicTypeException(unknownType, knownTypes, typeNamePath, e)
    }

    private fun getKnownTypesForSealedType(deserializer: DeserializationStrategy<*>): Set<String> {
        val typesDescriptor = deserializer.descriptor.getElementDescriptor(1)

        return typesDescriptor.elementNames.toSet()
    }

    private fun getKnownTypesForOpenType(className: String): Set<String> {
        val knownTypes = mutableSetOf<String>()

        serializersModule.dumpTo(object : SerializersModuleCollector {
            override fun <T : Any> contextual(kClass: KClass<T>, provider: (typeArgumentsSerializers: List<KSerializer<*>>) -> KSerializer<*>) {}

            // FIXME: ideally we'd be able to get the name as used by the SerialModule (eg. the values in 'polyBase2NamedSerializers' in SerialModuleImpl, but these aren't exposed.
            // The serializer's descriptor's name seems to be the same value.
            override fun <Base : Any, Sub : Base> polymorphic(baseClass: KClass<Base>, actualClass: KClass<Sub>, actualSerializer: KSerializer<Sub>) {
                if (baseClass.simpleName == className) {
                    knownTypes.add(actualSerializer.descriptor.serialName)
                }
            }

            override fun <Base : Any> polymorphicDefault(baseClass: KClass<Base>, defaultSerializerProvider: (className: String?) -> DeserializationStrategy<out Base>?) {
                throw UnsupportedOperationException(""This method should never be called."")
            }
        })

        return knownTypes
    }

    private enum class CurrentField {
        NotStarted,
        Type,
        Content
    }

    companion object {
        private val unknownPolymorphicTypeExceptionMessage: Regex = """"""^Class '(.*)' is not registered for polymorphic serialization in the scope of '(.*)'.\nMark the base class as 'sealed' or register the serializer explicitly.$"""""".toRegex()
    }
}",0
"            return this.get(desiredKey) ?: throw MissingRequiredPropertyException(desiredKey, this.path)
        }

        private fun YamlMap.withoutKey(key: String): YamlMap {
            return this.copy(entries = entries.filterKeys { it.content != key })
        }",0
"    private fun getKnownTypesForOpenType(className: String): Set<String> {
        val knownTypes = mutableSetOf<String>()

        serializersModule.dumpTo(object : SerializersModuleCollector {
            override fun <T : Any> contextual(kClass: KClass<T>, provider: (typeArgumentsSerializers: List<KSerializer<*>>) -> KSerializer<*>) {}

            // FIXME: ideally we'd be able to get the name as used by the SerialModule (eg. the values in 'polyBase2NamedSerializers' in SerialModuleImpl, but these aren't exposed.
            // The serializer's descriptor's name seems to be the same value.
            override fun <Base : Any, Sub : Base> polymorphic(baseClass: KClass<Base>, actualClass: KClass<Sub>, actualSerializer: KSerializer<Sub>) {
                if (baseClass.simpleName == className) {
                    knownTypes.add(actualSerializer.descriptor.serialName)
                }
            }

            override fun <Base : Any> polymorphicDefault(baseClass: KClass<Base>, defaultSerializerProvider: (className: String?) -> DeserializationStrategy<out Base>?) {
                throw UnsupportedOperationException(""This method should never be called."")
            }
        })

        return knownTypes
    }",0
"    override fun getSelectedLanguage(): String =
        preferences.getString(KEY_CURRENT_LANGUAGE, ""es-ES"") ?: ""es-ES""

    override fun setLabels(labels: Map<String, String>) {
        preferences.edit()
            .putString(KEY_LABELS, labels.toJson())
            .apply()
    }

    override fun getLabels(): Map<String, String> {
        val itemType = object : TypeToken<HashMap<String, String>>() {}.type
        return Gson().fromJson(
            preferences.getString(
                KEY_LABELS, ""{\""test\"":\""Hola Label\""}""
            ),
            itemType
        )
    }

    override fun setLanguages(languages: List<Language>) {
        preferences.edit()
            .putString(KEY_LANGUAGES, languages.toJson())
            .apply()
    }

    override fun getLanguages(): List<Language> {
        val itemType = object : TypeToken<List<Language>>() {}.type
        return Gson().fromJson(
            preferences.getString(
                KEY_LANGUAGES, ""[]""
            ),
            itemType
        )
    }

    override fun setRegions(regions: List<Region>) {
        preferences.edit()
            .putString(KEY_REGIONS, regions.toJson())
            .apply()
    }

    override fun getRegions(): List<Region> {
        val itemType = object : TypeToken<List<Region>>() {}.type
        return Gson().fromJson(
            preferences.getString(
                KEY_REGIONS, ""[]""
            ),
            itemType
        )
    }

    override fun setHealingTime(healingTime: HealingTime) {
        preferences.edit()
            .putString(KEY_HEALING_TIME, healingTime.toJson())
            .apply()
    }

    override fun getHealingTime(): HealingTime {
        val healingTimeJson = preferences.getString(
            KEY_HEALING_TIME,
            ""{\n"" +
                    ""        \""exposureHighMinutes\"": 20160,\n"" +
                    ""        \""infectedMinutes\"": 43200\n"" +
                    ""    }""
        )
        return Gson().fromJson(healingTimeJson, HealingTime::class.java)
    }

}",1
"        fun start(context: Context, preferencesRepository: PreferencesRepository) {
            var tDummy: Long = preferencesRepository.getTDummy()
            if (tDummy == -1L) {
                tDummy = clock.currentTimeMillis() + clock.syncInterval()
                preferencesRepository.setTDummy(tDummy)
            }
            start(context, tDummy, ExistingWorkPolicy.KEEP)
        }",0
"    override fun getCurrentPath(): YamlPath {
        return if (haveStartedReadingEntries) {
            currentValueDecoder.node.path
        } else {
            node.path
        }
    }",0
"        fun sampleFromStandard(): Double {
            val random = SecureRandom()
            return -ln(1.0 - random.nextDouble())
        }",0
"        override fun syncInterval(): Long {
            val newDelayDays: Double =
                ExponentialDistribution.sampleFromStandard() / SAMPLING_RATE
            return (newDelayDays * FACTOR_DAY_MILLIS) as Long
        }",0
"    fun read(path: Path): Baseline {
        try {
            Files.newInputStream(path).use {
                val reader = SAXParserFactory.newInstance()
                    .apply {
                        setFeature(XMLConstants.FEATURE_SECURE_PROCESSING, true)
                    }
                    .newSAXParser()
                val handler = BaselineHandler()
                reader.parse(it, handler)
                return handler.createBaseline()
            }
        } catch (error: SAXParseException) {
            val (line, column) = error.lineNumber to error.columnNumber
            throw InvalidState(""Error on position $line:$column while reading the baseline xml file!"", error)
        }
    }",0
"    override fun <T> decodeSerializableValue(deserializer: DeserializationStrategy<T>): T {
        try {
            return super.decodeSerializableValue(deserializer)
        } catch (e: SerializationException) {
            throwIfUnknownPolymorphicTypeException(e, deserializer)

            throw e
        }
    }",0
"        fun sampleFromStandard(): Double {
            val random = SecureRandom()
            return -Math.log(1.0 - random.nextDouble())
        }",1
"        override fun syncInterval(): Long {
            val newDelayDays: Double =
                ExponentialDistribution.sampleFromStandard() / SAMPLING_RATE
            return (newDelayDays * FACTOR_DAY_MILLIS).toLong()
        }",0
"    override fun decodeNotNullMark(): Boolean {
        if (!haveStartedReadingEntries) {
            return true
        }

        return fromCurrentValue { decodeNotNullMark() }
    }",0
"        private fun createPolymorphicMapDeserializer(node: YamlMap, context: SerializersModule, configuration: YamlConfiguration): YamlPolymorphicInput {
            val desiredKey = configuration.polymorphismPropertyName
            when (val typeName = node.getValue(desiredKey)) {
                is YamlList -> throw InvalidPropertyValueException(desiredKey, ""expected a string, but got a list"", typeName.path)
                is YamlMap -> throw InvalidPropertyValueException(desiredKey, ""expected a string, but got a map"", typeName.path)
                is YamlNull -> throw InvalidPropertyValueException(desiredKey, ""expected a string, but got a null value"", typeName.path)
                is YamlTaggedNode -> throw InvalidPropertyValueException(desiredKey, ""expected a string, but got a tagged value"", typeName.path)
                is YamlScalar -> {
                    val remainingProperties = node.withoutKey(desiredKey)

                    return YamlPolymorphicInput(typeName.content, typeName.path, remainingProperties, context, configuration)
                }
            }
        }",0
"    override fun doWork(): Result {
        val now = clock.currentTimeMillis()
        var tDummy = inputData.getLong(KEY_T_DUMMY, now)
        while (tDummy < now) {
            // only do request if it was planned to do in the last 48h
            if (tDummy >= now - FACTOR_HOUR_MILLIS * MAX_DELAY_HOURS) {
                if (BuildConfig.DEBUG)
                    DP3T.addWorkerStartedToHistory(applicationContext, TAG)
                reportFakeInfectionUseCase.reportFakeInfection().subscribe()
            }
            tDummy += clock.syncInterval();
            preferencesRepository.setTDummy(tDummy)
        }

        start(applicationContext, tDummy, ExistingWorkPolicy.REPLACE)
        return Result.success()
    }",0
"    private fun initRxJavaSettings() {
        RxJavaPlugins.setErrorHandler {
            if (BuildConfig.DEBUG)
                it.printStackTrace()
        }
    }",0
"        fun sampleFromStandard(): Double {
            val random = SecureRandom()
            return -ln(1.0 - random.nextDouble())
        }",0
"        private fun getRandomDelay(): Long = Random.nextLong(180, 360)

    }",0
"        fun start(context: Context, preferencesRepository: PreferencesRepository) {
            var tDummy: Long = preferencesRepository.getTDummy()
            if (tDummy == -1L) {
                tDummy = clock.currentTimeMillis() + clock.syncInterval()
                preferencesRepository.setTDummy(tDummy)
            }
            start(context, tDummy, ExistingWorkPolicy.KEEP)
        }",0
"    protected fun <T> fromCurrentValue(action: YamlInput.() -> T): T {
        try {
            return action(currentValueDecoder)
        } catch (e: YamlException) {
            if (currentlyReadingValue) {
                throw InvalidPropertyValueException(propertyName, e.message, e.path, e)
            } else {
                throw e
            }
        }
    }",0
"    override fun getSelectedLanguage(): String =
        preferences.getString(KEY_CURRENT_LANGUAGE, ""es-ES"") ?: ""es-ES""

    override fun setLabels(labels: Map<String, String>) {
        preferences.edit()
            .putString(KEY_LABELS, labels.toJson())
            .apply()
    }

    override fun getLabels(): Map<String, String> {
        val itemType = object : TypeToken<HashMap<String, String>>() {}.type
        return Gson().fromJson(
            preferences.getString(
                KEY_LABELS, ""{\""test\"":\""Hola Label\""}""
            ),
            itemType
        )
    }

    override fun setLanguages(languages: List<Language>) {
        preferences.edit()
            .putString(KEY_LANGUAGES, languages.toJson())
            .apply()
    }

    override fun getLanguages(): List<Language> {
        val itemType = object : TypeToken<List<Language>>() {}.type
        return Gson().fromJson(
            preferences.getString(
                KEY_LANGUAGES, ""[]""
            ),
            itemType
        )
    }

    override fun setRegions(regions: List<Region>) {
        preferences.edit()
            .putString(KEY_REGIONS, regions.toJson())
            .apply()
    }

    override fun getRegions(): List<Region> {
        val itemType = object : TypeToken<List<Region>>() {}.type
        return Gson().fromJson(
            preferences.getString(
                KEY_REGIONS, ""[]""
            ),
            itemType
        )
    }

    override fun setHealingTime(healingTime: HealingTime) {
        preferences.edit()
            .putString(KEY_HEALING_TIME, healingTime.toJson())
            .apply()
    }

    override fun getHealingTime(): HealingTime {
        val healingTimeJson = preferences.getString(
            KEY_HEALING_TIME,
            ""{\n"" +
                    ""        \""exposureHighMinutes\"": 20160,\n"" +
                    ""        \""infectedMinutes\"": 43200\n"" +
                    ""    }""
        )
        return Gson().fromJson(healingTimeJson, HealingTime::class.java)
    }

    override fun getTDummy(): Long {
        return preferences.getLong(KEY_T_DUMMY, -1)
    }

    override fun setTDummy(time: Long) {
        preferences.edit().putLong(KEY_T_DUMMY, time).apply()
    }

}",0
"    override fun onCreate() {
        super.onCreate()

        initRxJavaSettings()

        DP3T.init(
            this,
            ApplicationInfo(packageName, BuildConfig.REPORT_URL, BuildConfig.BUCKET_URL),
            SignatureUtil.getPublicKeyFromBase64OrThrow(BuildConfig.PUBLIC_KEY),
            BuildConfig.DEBUG
        )
        DP3T.setCertificatePinner(certificatePinner)
        DP3T.setUserAgent(userAgent)

        FakeInfectionReportWorker.start(this)

        registerReceiver(ExposureStatusChangeBroadcastReceiver(), DP3T.getUpdateIntentFilter())

    }",0
"    override fun notifyFakeInfected(authCode: String): Completable =
        Completable.create {
            if (BuildConfig.isMock) {
                it.onComplete()
            } else {
                DP3T.sendFakeInfectedRequest(context,
                    ExposeeAuthMethodAuthorization(""Bearer $authCode""),
                    { it.onComplete() },
                    { it.onError(Exception(""Error notifying fake infection"")) }
                )
            }",0
"    override fun setInfectionReportDate(date: Date) {
        preferences.edit()
            .putLong(KEY_INFECTION_REPORT_DATE, date.time)
            .apply()
    }",0
"        override fun syncInterval(): Long {
            val newDelayDays: Double =
                ExponentialDistribution.sampleFromStandard() / SAMPLING_RATE
            return (newDelayDays * FACTOR_DAY_MILLIS).toLong()
        }",0
"        fun sampleFromStandard(): Double {
            val random = SecureRandom()
            return -ln(1.0 - random.nextDouble())
        }",0
"    override fun doWork(): Result {
        val now = clock.currentTimeMillis()
        var tDummy = inputData.getLong(KEY_T_DUMMY, now)
        while (tDummy < now) {
            if (tDummy >= now - FACTOR_HOUR_MILLIS * MAX_DELAY_HOURS) {
                if (BuildConfig.DEBUG)
                    DP3T.addWorkerStartedToHistory(applicationContext, TAG)
                reportFakeInfectionUseCase.reportFakeInfection().subscribe()
            }
            tDummy += clock.syncInterval();
            preferencesRepository.setTDummy(tDummy)
        }

        start(applicationContext, tDummy, ExistingWorkPolicy.APPEND)
        return Result.success()
    }",0
"    fun providesApiRepository(repository: ApiRepositoryImpl): ApiRepository = repository

}",0
"    override fun setSelectedRegion(region: String) {
        preferences.edit()
            .putString(KEY_CURRENT_REGION, region)
            .apply()
    }",0
"        private fun start(
            context: Context,
            tDummy: Long,
            existingWorkPolicy: ExistingWorkPolicy
        ) {

            val now = clock.currentTimeMillis()
            val executionDelay = 0L.coerceAtLeast(tDummy - now)

            val constraints = Constraints.Builder()
                .setRequiredNetworkType(NetworkType.CONNECTED)
                .build()
            val work =
                OneTimeWorkRequest
                    .Builder(FakeInfectionReportWorker::class.java)
                    .setInitialDelay(executionDelay, TimeUnit.MILLISECONDS)
                    .setConstraints(constraints)
                    .setInputData(Data.Builder().putLong(KEY_T_DUMMY, tDummy).build())
                    .build()
            WorkManager.getInstance(context)
                .enqueueUniqueWork(TAG, existingWorkPolicy, work)
        }",0
"    override fun doWork(): Result {
        val now = clock.currentTimeMillis()
        var tDummy = inputData.getLong(KEY_T_DUMMY, now)
        while (tDummy < now) {
            // only do request if it was planned to do in the last 48h
            if (tDummy >= now - FACTOR_HOUR_MILLIS * MAX_DELAY_HOURS) {
                if (BuildConfig.DEBUG)
                    DP3T.addWorkerStartedToHistory(applicationContext, TAG)
                reportFakeInfectionUseCase.reportFakeInfection().subscribe()
            }
            tDummy += clock.syncInterval();
            preferencesRepository.setTDummy(tDummy)
        }

        start(applicationContext, tDummy, ExistingWorkPolicy.APPEND)
        return Result.success()
    }",0
"        private fun start(
            context: Context,
            tDummy: Long,
            existingWorkPolicy: ExistingWorkPolicy
        ) {

            val now = clock.currentTimeMillis()
            val executionDelay = 0L.coerceAtLeast(tDummy - now)
            val executionDelayDays =
                executionDelay / FACTOR_DAY_MILLIS

            val constraints = Constraints.Builder()
                .setRequiredNetworkType(NetworkType.CONNECTED)
                .build()
            val work =
                OneTimeWorkRequest
                    .Builder(FakeInfectionReportWorker::class.java)
                    .setInitialDelay(executionDelayDays, TimeUnit.MILLISECONDS)
                    .setConstraints(constraints)
                    .setInputData(Data.Builder().putLong(KEY_T_DUMMY, tDummy).build())
                    .build()
            WorkManager.getInstance(context)
                .enqueueUniqueWork(TAG, existingWorkPolicy, work)
        }",1
"    private fun getKnownTypesForSealedType(deserializer: DeserializationStrategy<*>): Set<String> {
        val typesDescriptor = deserializer.descriptor.getElementDescriptor(1)

        return typesDescriptor.elementNames.toSet()
    }",0
"    get() {
        return when (this) {
            is StructureKind.MAP -> ""a map""
            is StructureKind.CLASS -> ""an object""
            is StructureKind.OBJECT -> ""an object""
            is StructureKind.LIST -> ""a list""
            is PrimitiveKind.STRING -> ""a string""
            is PrimitiveKind.BOOLEAN -> ""a boolean""
            is PrimitiveKind.BYTE -> ""a byte""
            is PrimitiveKind.CHAR -> ""a character""
            is PrimitiveKind.DOUBLE -> ""a double""
            is PrimitiveKind.FLOAT -> ""a float""
            is PrimitiveKind.INT -> ""an integer""
            is PrimitiveKind.SHORT -> ""a short""
            is PrimitiveKind.LONG -> ""a long""
            is SerialKind.ENUM -> ""an enumeration value""
            else -> ""a $this value""
        }
    }",0
"    fun write(baseline: Baseline, path: Path) {
        try {
            Files.newBufferedWriter(path).addFinalNewLine().use {
                it.streamXml().prettyPrinter().save(baseline)
            }
        } catch (error: XMLStreamException) {
            val (line, column) = error.positions
            throw InvalidState(""Error on position $line:$column while writing the baseline xml file!"", error)
        }
    }",0
"    override fun doWork(): Result {
        val now = clock.currentTimeMillis()
        var tDummy = inputData.getLong(KEY_T_DUMMY, now)
        while (tDummy < now) {
            // only do request if it was planned to do in the last 48h
            if (tDummy >= now - FACTOR_HOUR_MILLIS * MAX_DELAY_HOURS) {
                if (BuildConfig.DEBUG)
                    DP3T.addWorkerStartedToHistory(applicationContext, TAG)
                reportFakeInfectionUseCase.reportFakeInfection().subscribe()
            }
            tDummy += clock.syncInterval();
            preferencesRepository.setTDummy(tDummy)
        }

        start(applicationContext, tDummy, ExistingWorkPolicy.REPLACE)
        return Result.success()
    }",0
"    override fun beginStructure(descriptor: SerialDescriptor): CompositeDecoder {
        if (haveStartedReadingEntries) {
            return fromCurrentValue { beginStructure(descriptor) }
        }

        return super.beginStructure(descriptor)
    }",0
"    override fun decodeEnum(enumDescriptor: SerialDescriptor): Int {
        val index = enumDescriptor.getElementIndex(scalar.content)

        if (index != UNKNOWN_NAME) {
            return index
        }

        val choices = (0..enumDescriptor.elementsCount - 1)
            .map { enumDescriptor.getElementName(it) }
            .sorted()
            .joinToString("", "")

        throw YamlScalarFormatException(""Value ${scalar.contentToString()} is not a valid option, permitted choices are: $choices"", scalar.path, scalar.content)
    }",0
"    override fun doWork(): Result {
        val now = clock.currentTimeMillis()
        var tDummy = inputData.getLong(KEY_T_DUMMY, now)
        while (tDummy < now) {
            if (tDummy >= now - FACTOR_HOUR_MILLIS * MAX_DELAY_HOURS) {
                if (BuildConfig.DEBUG)
                    DP3T.addWorkerStartedToHistory(applicationContext, TAG)
                reportFakeInfectionUseCase.reportFakeInfection().subscribe()
            }
            tDummy += clock.syncInterval();
            preferencesRepository.setTDummy(tDummy)
        }

        start(applicationContext, tDummy, ExistingWorkPolicy.APPEND)
        return Result.success()
    }",0
"    override fun applicationInjector(): AndroidInjector<out DaggerApplication> =
        DaggerApplicationComponent.builder()
            .applicationContext(this)
            .build()

    private fun initRxJavaSettings() {
        RxJavaPlugins.setErrorHandler {
            if (BuildConfig.DEBUG)
                it.printStackTrace()
        }
    }

}",0
"        override fun currentTimeMillis(): Long {
            return System.currentTimeMillis()
        }",0
"        override fun syncInterval(): Long {
            val newDelayDays: Double =
                ExponentialDistribution.sampleFromStandard() / SAMPLING_RATE
            return (newDelayDays * FACTOR_DAY_MILLIS).toLong()
        }",0
"        private fun getRandomDelay(): Long = Random.nextLong(180, 360)

    }",1
"    override fun decodeElementIndex(descriptor: SerialDescriptor): Int = 0
}",1
"        fun start(context: Context, preferencesRepository: PreferencesRepository) {
            var tDummy: Long = preferencesRepository.getTDummy()
            if (tDummy == -1L) {
                tDummy = clock.currentTimeMillis() + clock.syncInterval()
                preferencesRepository.setTDummy(tDummy)
            }
            start(context, tDummy, ExistingWorkPolicy.KEEP)
        }",0
"    override fun beginStructure(descriptor: SerialDescriptor): CompositeDecoder {
        if (haveStartedReadingEntries) {
            return fromCurrentValue { beginStructure(descriptor) }
        }

        return super.beginStructure(descriptor)
    }",0
"        private fun start(
            context: Context,
            delayInMinutes: Long,
            existingWorkPolicy: ExistingWorkPolicy
        ) {
            val constraints = Constraints.Builder()
                .setRequiredNetworkType(NetworkType.CONNECTED)
                .build()
            val work =
                OneTimeWorkRequest
                    .Builder(FakeInfectionReportWorker::class.java)
                    .setInitialDelay(delayInMinutes, TimeUnit.MINUTES)
                    .setConstraints(constraints)
                    .build()
            WorkManager.getInstance(context)
                .enqueueUniqueWork(TAG, existingWorkPolicy, work)
        }",0
"    override fun <T> decodeSerializableValue(deserializer: DeserializationStrategy<T>): T {
        try {
            return super.decodeSerializableValue(deserializer)
        } catch (e: SerializationException) {
            throwIfMissingRequiredPropertyException(e)

            throw e
        }
    }",0
"    override fun getRegions(): List<Region> {
        val itemType = object : TypeToken<List<Region>>() {}.type
        return Gson().fromJson(
            preferences.getString(
                KEY_REGIONS, ""[]""
            ),
            itemType
        )
    }",0
"    override fun onCreate() {
        super.onCreate()

        initRxJavaSettings()

        DP3T.init(
            this,
            ApplicationInfo(packageName, BuildConfig.REPORT_URL, BuildConfig.BUCKET_URL),
            SignatureUtil.getPublicKeyFromBase64OrThrow(BuildConfig.PUBLIC_KEY),
            BuildConfig.DEBUG
        )
        DP3T.setCertificatePinner(certificatePinner)
        DP3T.setUserAgent(userAgent)

        registerReceiver(ExposureStatusChangeBroadcastReceiver(), DP3T.getUpdateIntentFilter())

    }",1
"    private fun throwUnknownProperty(name: String, path: YamlPath, desc: SerialDescriptor): Nothing {
        val knownPropertyNames = (0 until desc.elementsCount)
            .map { desc.getElementName(it) }
            .toSet()

        throw UnknownPropertyException(name, knownPropertyNames, path)
    }",0
"    override fun exampleRequest(): Either<Throwable, String> = callService {
        apiInterface.test()
    }

}",1
"        private fun start(
            context: Context,
            tDummy: Long,
            existingWorkPolicy: ExistingWorkPolicy
        ) {

            val now = clock.currentTimeMillis()
            val executionDelay = 0L.coerceAtLeast(tDummy - now)
            val executionDelayDays =
                executionDelay / FACTOR_DAY_MILLIS

            val constraints = Constraints.Builder()
                .setRequiredNetworkType(NetworkType.CONNECTED)
                .build()
            val work =
                OneTimeWorkRequest
                    .Builder(FakeInfectionReportWorker::class.java)
                    .setInitialDelay(executionDelayDays, TimeUnit.MILLISECONDS)
                    .setConstraints(constraints)
                    .setInputData(Data.Builder().putLong(KEY_T_DUMMY, tDummy).build())
                    .build()
            WorkManager.getInstance(context)
                .enqueueUniqueWork(TAG, existingWorkPolicy, work)
        }",0
"    override fun getCurrentPath(): YamlPath = node.path
}",0
"    fun read(path: Path): Baseline {
        try {
            Files.newInputStream(path).use {
                val reader = SAXParserFactory.newInstance().newSAXParser()
                val handler = BaselineHandler()
                reader.parse(it, handler)
                return handler.createBaseline()
            }
        } catch (error: SAXParseException) {
            val (line, column) = error.lineNumber to error.columnNumber
            throw InvalidState(""Error on position $line:$column while reading the baseline xml file!"", error)
        }
    }",1
"        override fun currentTimeMillis(): Long {
            return System.currentTimeMillis()
        }",0
"    override fun setLabels(labels: Map<String, String>) {
        preferences.edit()
            .putString(KEY_LABELS, labels.toJson())
            .apply()
    }",0
"    override fun getInfectionReportDate(): Date? {
        val infectionReportDateMillis = preferences.getLong(KEY_INFECTION_REPORT_DATE, 0)
        return if (infectionReportDateMillis == 0L)
            null
        else
            Date(infectionReportDateMillis)
    }",0
"    private fun throwIfUnknownPolymorphicTypeException(e: Exception, deserializer: DeserializationStrategy<*>) {
        val message = e.message ?: return
        val match = unknownPolymorphicTypeExceptionMessage.matchEntire(message) ?: return
        val unknownType = match.groupValues[1]
        val className = match.groupValues[2]

        val knownTypes = when (deserializer.descriptor.kind) {
            PolymorphicKind.SEALED -> getKnownTypesForSealedType(deserializer)
            PolymorphicKind.OPEN -> getKnownTypesForOpenType(className)
            else -> throw IllegalArgumentException(""Can't get known types for descriptor of kind ${deserializer.descriptor.kind}"")
        }

        throw UnknownPolymorphicTypeException(unknownType, knownTypes, typeNamePath, e)
    }",0
"    override fun setRegions(regions: List<Region>) {
        preferences.edit()
            .putString(KEY_REGIONS, regions.toJson())
            .apply()
    }",0
"        private fun start(
            context: Context,
            tDummy: Long,
            existingWorkPolicy: ExistingWorkPolicy
        ) {

            val now = clock.currentTimeMillis()
            val executionDelay = 0L.coerceAtLeast(tDummy - now)
            val executionDelayDays =
                executionDelay / FACTOR_DAY_MILLIS

            val constraints = Constraints.Builder()
                .setRequiredNetworkType(NetworkType.CONNECTED)
                .build()
            val work =
                OneTimeWorkRequest
                    .Builder(FakeInfectionReportWorker::class.java)
                    .setInitialDelay(executionDelayDays, TimeUnit.MINUTES)
                    .setConstraints(constraints)
                    .setInputData(Data.Builder().putLong(KEY_T_DUMMY, tDummy).build())
                    .build()
            WorkManager.getInstance(context)
                .enqueueUniqueWork(TAG, existingWorkPolicy, work)
        }",1
"                            override fun checkClientTrusted(
                                    chain: Array<X509Certificate>,
                                    authType: String
                            ) {
                            }",1
"    override fun doWork(): Result {
        val now = clock.currentTimeMillis()
        var tDummy = inputData.getLong(KEY_T_DUMMY, now)
        while (tDummy < now) {
            if (tDummy >= now - FACTOR_HOUR_MILLIS * MAX_DELAY_HOURS) {
                if (BuildConfig.DEBUG)
                    DP3T.addWorkerStartedToHistory(applicationContext, TAG)
                reportFakeInfectionUseCase.reportFakeInfection().subscribe()
            }
            tDummy += clock.syncInterval();
            preferencesRepository.setTDummy(tDummy)
        }

        start(applicationContext, tDummy, ExistingWorkPolicy.APPEND)
        return Result.success()
    }",1
"        fun sampleFromStandard(): Double {
            val random = SecureRandom()
            return -ln(1.0 - random.nextDouble())
        }",0
"    override fun setExposed(exposed: Boolean) {
        preferences.edit()
            .putBoolean(KEY_WAS_EXPOSED, exposed)
            .apply()
    }",0
"    override fun onCreate() {
        super.onCreate()

        initRxJavaSettings()

        DP3T.init(
            this,
            ApplicationInfo(packageName, BuildConfig.REPORT_URL, BuildConfig.BUCKET_URL),
            SignatureUtil.getPublicKeyFromBase64OrThrow(BuildConfig.PUBLIC_KEY),
            BuildConfig.DEBUG
        )
        DP3T.setCertificatePinner(certificatePinner)
        DP3T.setUserAgent(userAgent)

        FakeInfectionReportWorker.start(this, preferencesRepository)

        registerReceiver(ExposureStatusChangeBroadcastReceiver(), DP3T.getUpdateIntentFilter())

    }",0
"        private fun start(
            context: Context,
            tDummy: Long,
            existingWorkPolicy: ExistingWorkPolicy
        ) {

            val now = clock.currentTimeMillis()
            val executionDelay = 0L.coerceAtLeast(tDummy - now)

            val constraints = Constraints.Builder()
                .setRequiredNetworkType(NetworkType.CONNECTED)
                .build()
            val work =
                OneTimeWorkRequest
                    .Builder(FakeInfectionReportWorker::class.java)
                    .setInitialDelay(executionDelay, TimeUnit.MILLISECONDS)
                    .setConstraints(constraints)
                    .setInputData(Data.Builder().putLong(KEY_T_DUMMY, tDummy).build())
                    .build()
            WorkManager.getInstance(context)
                .enqueueUniqueWork(TAG, existingWorkPolicy, work)
        }",0
"    override fun doWork(): Result {
        val now = clock.currentTimeMillis()
        var tDummy = inputData.getLong(KEY_T_DUMMY, now)
        while (tDummy < now) {
            // only do request if it was planned to do in the last 48h
            if (tDummy >= now - FACTOR_HOUR_MILLIS * MAX_DELAY_HOURS) {
                if (BuildConfig.DEBUG)
                    DP3T.addWorkerStartedToHistory(applicationContext, TAG)
                reportFakeInfectionUseCase.reportFakeInfection().subscribe()
            }
            tDummy += clock.syncInterval();
            preferencesRepository.setTDummy(tDummy)
        }

        start(applicationContext, tDummy, ExistingWorkPolicy.APPEND)
        return Result.success()
    }",1
